{
  "name": "T_dm64_l2_lr5e5",
  "config": {
    "d_model": 64,
    "nhead": 4,
    "num_layers": 2,
    "lr": 5e-05,
    "epochs": 15
  },
  "best_val_loss": 0.912396760036548,
  "test_metrics": {
    "MSE": 602.2918090820312,
    "RMSE": 24.541634197461896,
    "MAE": 19.377490997314453,
    "R2": -0.286590576171875
  }
}