{
  "name": "T_dm64_l3_lr1e4",
  "config": {
    "d_model": 64,
    "nhead": 4,
    "num_layers": 3,
    "lr": 0.0001,
    "epochs": 15
  },
  "best_val_loss": 1.6509455715616543,
  "test_metrics": {
    "MSE": 824.7213134765625,
    "RMSE": 28.717961513250945,
    "MAE": 23.896310806274414,
    "R2": -0.7617350816726685
  }
}