{
  "name": "T_dm128_l2_lr1e4",
  "config": {
    "d_model": 128,
    "nhead": 4,
    "num_layers": 2,
    "lr": 0.0001,
    "epochs": 15
  },
  "best_val_loss": 0.8824184810121855,
  "test_metrics": {
    "MSE": 476.501220703125,
    "RMSE": 21.82890791366176,
    "MAE": 16.449125289916992,
    "R2": -0.01788198947906494
  }
}