{
  "name": "T_dm64_l2_lr1e4",
  "config": {
    "d_model": 64,
    "nhead": 4,
    "num_layers": 2,
    "lr": 0.0001,
    "epochs": 15
  },
  "best_val_loss": 0.8391640384991964,
  "test_metrics": {
    "MSE": 507.0101623535156,
    "RMSE": 22.516886160246838,
    "MAE": 17.072338104248047,
    "R2": -0.0830538272857666
  }
}